Name,Name_clean,Institution
Adebayo,Adebayo,U. Toledo
Alford,Alford,
Back,Back,
Bailey,Bailey,PNNL
Baldwin,Baldwin,
Ball,Ball,
Bansal,Bansal,
Barnes,Barnes,
Belshe,Belshe,
Benenati,Benenati,
Bianchi,Bianchi,
Bittencourt Peixoto,Bittencourt Peixoto,U. Toledo
Bittencourt-Peixoto,Bittencourt Peixoto,U. Toledo
Bohrer,Bohrer,
Bolinger,Bolinger,
Bond-Lamberty,Bond-Lamberty,PNNL
Bond‐Lamberty,Bond-Lamberty,PNNL
Bourgeau-Chavez,Bourgeau-Chavez,
Bowe,Bowe,
Boyanov,Boyanov,
Boyd,Boyd,
Bridgeman,Bridgeman,
Brown,Brown,
Caylor,Caylor,
Chapman,Chapman,
Chen,Chen,PNNL
Cianci-Gaskill,Cianci-Gaskill,
Conroy,Conroy,LANL
Cooper,Cooper,
Cordero,Cordero,
Corstanje,Corstanje,
Crystal‐Ornelas,Crystal‐Ornelas,
Day,Day,U. Toledo
Delwiche,Delwiche,
Demeo,Demeo,
Derby,Derby,
Detweiler,Detweiler,
Devres-Zimmerman,Devres-Zimmerman,
Ding,Ding,PNNL
Doro,Doro,U. Toledo
Duggan,Duggan,PNNL
Eagle,Eagle,
Eberhard,Eberhard,
Ehosioke,Ehosioke,U. Toledo
Emmanuel,Emmanuel,U. Toledo
Enguehard,Enguehard,LBNL
Falco,Falco,LBNL
Fang,Fang,PNNL
Fernández-de-Uña,Fernández-de-Uña,
Feron,Feron,
Fluet‐Chouinard,Fluet‐Chouinard,PNNL
Forbes,Forbes,
Forbrich,Forbrich,U. Toledo
Freeman,Freeman,
Frey,Frey,
Gedan,Gedan,
Ghosh,Ghosh,
Grate,Grate,
Grossiord,Grossiord,
Haaf,Haaf,
Haddock,Haddock,PNNL
Hammond,Hammond,
Hamovit,Hamovit,
He,He,
Hirsch,Hirsch,
Holmquist,Holmquist,SERC
Homolka,Homolka,
Hopple,Hopple,SERC
Hornum,Hornum,
Huang,Huang,
Izquierdo,Izquierdo,
Jackson,Jackson,
Janousek,Janousek,
Jiang,Jiang,PNNL
Johnson,Johnson,
Kaufman,Kaufman,
Kemner,Kemner,ANL
Khan,Khan,
Kirwan,Kirwan,U. Toledo
Kittaka,Kittaka,
Klinges,Klinges,
Knox,Knox,
Koech,Koech,
Koontz,Koontz,
Kovach,Kovach,U. Toledo
Krauss,Krauss,ANL
Kroeger,Kroeger,
Ladau,Ladau,LBNL
LaFond-Hudson,LaFond-Hudson,
Langley,Langley,
Lee,Lee,
Leff,Leff,
Lerberg,Lerberg,
Lewin,Lewin,
Lewis,Lewis,
Li,Li,
Lonneman,Lonneman,
Machado-Silva,Machado-Silva,U. Toledo
Machado‐Silva,Machado-Silva,U. Toledo
Malhotra,Malhotra,PNNL
Malkin,Malkin,
Mantas,Mantas,
Marcarelli,Marcarelli,
Martin-Hayden,Martin-Hayden,
Mayes,Mayes,ORNL
McDowell,McDowell,PNNL
McElhinny,McElhinny,SERC
McKever,McKever,PNNL
McMurray,McMurray,
McNicol,McNicol,
Megonigal,Megonigal,SERC
Mencuccini,Mencuccini,
Messerschmidt,Messerschmidt,
Michael,Michael,
Minor,Minor,
Missik,Missik,
Moanga,Moanga,
Morris,Morris,PNNL
Moye,Moye,
Mozdzer,Mozdzer,
Myers-Pigg,Myers-Pigg,PNNL
Myers‐Pigg,Myers-Pigg,PNNL
Neubauer,Neubauer,
Newcomer,Newcomer,LBNL
Noe,Noe,
Norris,Norris,PNNL
Norwood,Norwood,PNNL
Noyce,Noyce,SERC
O’Loughlin,O’Loughlin,ANL
O'Meara,O'Meara,ORNL
O’Meara,O'Meara,ORNL
O&apos;Meara,O'Meara,ORNL
Osburn,Osburn,
Otenburg,Otenburg,PNNL
Ouyang,Ouyang,
Pain,Pain,
Patel,Patel,PNNL
Peixoto,Peixoto,U. Toledo
Pennington,Pennington,PNNL
Philben,Philben,
Phillips,Phillips,SERC
Pivovaroff,Pivovaroff,
Poulter,Poulter,
Pratt,Pratt,
Regier,Regier,PNNL
Ricciuto,Ricciuto,ORNL
Rich,Rich,SERC
Rod,Rod,PNNL
Roebuck,Roebuck,
Rovai,Rovai,
Sage,Sage,
Sandborn,Sandborn,
Sanderman,Sanderman,
Sandoval,Sandoval,U. Toledo
Scheibe,Scheibe,PNNL
Schmutz,Schmutz,
Sengupta,Sengupta,PNNL
Sezen,Sezen,
Shue,Shue,SERC
Smith,Smith,
Soin-Voshell,Soin-Voshell,
Song,Song,
Spanbauer,Spanbauer,U. Toledo
Spivak,Spivak,
Sprague-Getsy,Sprague-Getsy,
St. Laurent,St. Laurent,
Staver,Staver,
Stearns,Stearns,SERC
Stegen,Stegen,PNNL
Stetten,Stetten,ANL
Sulman,Sulman,ORNL
Swerida,Swerida,
Tang,Tang,PNNL
Theuerkauf,Theuerkauf,
Thomas,Thomas,U. Toledo
Thornton,Thornton,ORNL
Todd‐Brown,Todd‐Brown,
Tully,Tully,
Vahsen,Vahsen,
Vargas,Vargas,
von Fischer,von Fischer,
Waichler,Waichler,
Wainwright,Wainwright,LBNL
Wang,Wang,
Ward,Ward,PNNL
Watson,Watson,
Weilminster,Weilminster,
Weintraub,Weintraub,U. Toledo
White,White,
Wilson,Wilson,SERC
Windham-Myers,Windham-Myers,
Windham‐Myers,Windham-Myers,
Wolfe,Wolfe,
Woodard,Woodard,
Yabusaki,Yabusaki,PNNL
Yarwood,Yarwood,
Yuan,Yuan,
Zhang,Zhang,PNNL
Zheng,Zheng,PNNL
