Name,Name_clean
Adebayo,Adebayo
Alford,Alford
Back,Back
Bailey,Bailey
Baldwin,Baldwin
Ball,Ball
Bansal,Bansal
Barnes,Barnes
Belshe,Belshe
Benenati,Benenati
Bianchi,Bianchi
Bittencourt Peixoto,Bittencourt Peixoto
Bittencourt-Peixoto,Bittencourt Peixoto
Bohrer,Bohrer
Bolinger,Bolinger
Bond-Lamberty,Bond-Lamberty
Bond‐Lamberty,Bond-Lamberty
Bourgeau-Chavez,Bourgeau-Chavez
Bowe,Bowe
Boyanov,Boyanov
Boyd,Boyd
Bridgeman,Bridgeman
Brown,Brown
Caylor,Caylor
Chapman,Chapman
Chen,Chen
Cianci-Gaskill,Cianci-Gaskill
Conroy,Conroy
Cooper,Cooper
Cordero,Cordero
Corstanje,Corstanje
Crystal‐Ornelas,Crystal‐Ornelas
Day,Day
Delwiche,Delwiche
Demeo,Demeo
Derby,Derby
Detweiler,Detweiler
Devres-Zimmerman,Devres-Zimmerman
Ding,Ding
Doro,Doro
Duggan,Duggan
Eagle,Eagle
Eberhard,Eberhard
Ehosioke,Ehosioke
Emmanuel,Emmanuel
Enguehard,Enguehard
Falco,Falco
Fang,Fang
Fernández-de-Uña,Fernández-de-Uña
Feron,Feron
Fluet‐Chouinard,Fluet‐Chouinard
Forbes,Forbes
Forbrich,Forbrich
Freeman,Freeman
Frey,Frey
Gedan,Gedan
Ghosh,Ghosh
Grate,Grate
Grossiord,Grossiord
Haaf,Haaf
Haddock,Haddock
Hammond,Hammond
Hamovit,Hamovit
He,He
Hirsch,Hirsch
Holmquist,Holmquist
Homolka,Homolka
Hopple,Hopple
Hornum,Hornum
Huang,Huang
Izquierdo,Izquierdo
Jackson,Jackson
Janousek,Janousek
Jiang,Jiang
Johnson,Johnson
Kaufman,Kaufman
Kemner,Kemner
Khan,Khan
Kirwan,Kirwan
Kittaka,Kittaka
Klinges,Klinges
Knox,Knox
Koech,Koech
Koontz,Koontz
Kovach,Kovach
Krauss,Krauss
Kroeger,Kroeger
Ladau,Ladau
LaFond-Hudson,LaFond-Hudson
Langley,Langley
Lee,Lee
Leff,Leff
Lerberg,Lerberg
Lewin,Lewin
Lewis,Lewis
Li,Li
Lonneman,Lonneman
Machado-Silva,Machado-Silva
Machado‐Silva,Machado-Silva
Malhotra,Malhotra
Malkin,Malkin
Mantas,Mantas
Marcarelli,Marcarelli
Martin-Hayden,Martin-Hayden
Mayes,Mayes
McDowell,McDowell
McElhinny,McElhinny
McKever,McKever
McMurray,McMurray
McNicol,McNicol
Megonigal,Megonigal
Mencuccini,Mencuccini
Messerschmidt,Messerschmidt
Michael,Michael
Minor,Minor
Missik,Missik
Moanga,Moanga
Morris,Morris
Moye,Moye
Mozdzer,Mozdzer
Myers-Pigg,Myers-Pigg
Myers‐Pigg,Myers-Pigg
Neubauer,Neubauer
Newcomer,Newcomer
Noe,Noe
Norris,Norris
Norwood,Norwood
Noyce,Noyce
O’Loughlin,O’Loughlin
O'Meara,O'Meara
O’Meara,O'Meara
O&apos;Meara,O'Meara
Osburn,Osburn
Otenburg,Otenburg
Ouyang,Ouyang
Pain,Pain
Patel,Patel
Peixoto,Peixoto
Pennington,Pennington
Philben,Philben
Phillips,Phillips
Pivovaroff,Pivovaroff
Poulter,Poulter
Pratt,Pratt
Regier,Regier
Ricciuto,Ricciuto
Rich,Rich
Rod,Rod
Roebuck,Roebuck
Rovai,Rovai
Sage,Sage
Sandborn,Sandborn
Sanderman,Sanderman
Sandoval,Sandoval
Scheibe,Scheibe
Schmutz,Schmutz
Sengupta,Sengupta
Sezen,Sezen
Shue,Shue
Smith,Smith
Soin-Voshell,Soin-Voshell
Song,Song
Spanbauer,Spanbauer
Spivak,Spivak
Sprague-Getsy,Sprague-Getsy
St. Laurent,St. Laurent
Staver,Staver
Stearns,Stearns
Stegen,Stegen
Stetten,Stetten
Sulman,Sulman
Swerida,Swerida
Tang,Tang
Theuerkauf,Theuerkauf
Thomas,Thomas
Thornton,Thornton
Todd‐Brown,Todd‐Brown
Tully,Tully
Vahsen,Vahsen
Vargas,Vargas
von Fischer,von Fischer
Waichler,Waichler
Wainwright,Wainwright
Wang,Wang
Ward,Ward
Watson,Watson
Weilminster,Weilminster
Weintraub,Weintraub
White,White
Wilson,Wilson
Windham-Myers,Windham-Myers
Windham‐Myers,Windham-Myers
Wolfe,Wolfe
Woodard,Woodard
Yabusaki,Yabusaki
Yarwood,Yarwood
Yuan,Yuan
Zhang,Zhang
Zheng,Zheng
